word|count|in title|in brand|in description
door|96|77|35|88
ga|80|69|0|74
light|78|65|21|71
xbi|78|67|1|57
water|74|67|4|72
heater|68|63|9|64
toilet|55|50|0|50
window|48|34|4|40
kitchen|45|27|0|39
4|44|35|0|24
tile|44|36|4|34
mower|38|31|0|38
2|37|32|0|17
paint|37|8|0|30
wood|37|14|7|24
kit|36|30|0|25
metal|36|10|1|12
cabinet|35|29|0|33
8|33|26|0|17
sink|32|21|3|22
bay|31|28|28|27
post|30|23|0|27
sheet|30|24|0|26
board|30|13|0|18
led|30|27|0|27
lawn|30|15|0|28
faucet|29|28|0|28
floor|29|23|0|25
wall|29|21|0|25
air|28|21|1|27
ceil|27|16|0|19
panel|27|19|0|25
12|26|19|0|16
chair|26|20|0|25
fan|26|23|0|25
steel|26|17|0|21
fenc|26|14|1|24
and|25|7|2|25
plank|24|11|0|18
dewalt|24|24|19|22
concret|24|11|0|21
for|23|1|0|22
shelv|23|10|1|22
ladder|22|16|1|19
stove|21|10|0|10
hot|21|5|0|20
3|21|15|1|16
wire|20|4|0|6
saw|20|9|0|15
roof|20|16|0|18
plastic|20|5|0|5
cover|19|8|0|11
vinyl|19|16|0|14
with|19|7|0|19
shower|19|18|3|10
rang|18|18|0|18
tool|18|10|0|16
insul|18|16|0|18
ac|18|0|0|18
patio|18|16|0|17
storag|18|4|0|17
exterior|17|0|0|4
cedar|17|16|6|16
bathroom|17|6|0|7
electr|17|11|0|11
fiberglass|17|2|0|12
screen|17|8|2|14
unit|17|5|0|15
1|16|10|0|15
condition|15|13|0|11
hampton|15|14|14|13
front|15|14|0|7
glass|15|4|0|10
rail|15|9|0|14
blower|15|15|0|15
portabl|15|12|0|6
combo|15|12|0|6
outdoor|15|2|0|11
batteri|15|9|0|7
washer|14|12|0|13
vaniti|14|13|0|13
snow|14|14|0|14
epoxi|14|11|0|13
shelf|13|4|0|7
garag|13|2|0|10
piec|13|5|0|11
in|13|12|2|13
tree|13|4|0|8
pantri|13|2|0|3
trim|13|4|0|6
roll|13|7|0|5
deck|13|11|1|12
closet|13|6|6|9
treat|13|13|0|13
repair|13|3|0|5
pull|13|12|0|13
fixtur|13|0|0|7
stainless|13|10|0|5
under|13|9|0|9
part|12|1|0|2
pole|12|5|0|9
rack|12|3|0|4
tub|12|8|0|8
dryer|12|4|0|10
round|12|9|2|9
frame|12|10|0|12
6|12|6|0|11
white|12|10|0|6
bracket|12|6|0|4
bowl|11|0|0|11
impact|11|11|0|11
cadet|11|11|9|11
singl|11|10|0|10
dispos|11|11|0|11
lumber|11|1|0|3
glacier|11|11|11|11
bulb|11|10|0|10
switch|11|11|0|11
roller|11|7|0|7
flush|11|10|0|10
red|11|11|0|9
entri|11|0|0|10
drill|11|8|0|8
top|10|5|0|9
high|10|7|0|9
10|10|2|0|2
mulch|10|8|0|10
t|10|10|3|10
tank|10|0|0|10
bath|10|7|0|8
pruner|10|4|0|5
slide|10|8|0|8
set|10|7|0|10
paver|10|9|4|5
samsung|10|7|7|7
edg|10|7|0|10
dispens|10|10|0|10
leaf|9|6|0|6
gate|9|9|6|9
interior|9|6|0|5
tube|9|6|1|8
cub|9|9|9|9
shop|9|1|0|2
bag|9|2|0|5
rug|9|8|2|8
soap|9|9|0|9
counter|9|0|0|6
landscap|9|1|0|4
rheem|9|9|9|9
18|9|8|0|8
remot|9|0|0|5
a|9|9|5|9
huski|9|9|9|8
replac|9|2|0|1
moen|9|6|6|2
mold|9|1|1|1
pedest|8|6|0|6
lamp|8|6|0|6
cloth|8|7|0|7
block|8|5|0|1
kohler|8|7|7|0
pump|8|6|0|8
plate|8|1|0|2
24in.|8|2|0|4
stick|8|3|0|3
40gal.|8|2|0|2
ryobi|8|8|8|8
handl|8|8|0|8
mdf|8|5|0|7
delta|8|5|5|5
track|8|8|0|8
shade|8|7|0|7
hole|8|7|0|7
mask|8|7|0|5
load|8|7|0|8
aluminum|8|4|0|5
stone|8|3|2|5
attic|8|7|1|8
screw|8|8|0|8
bamboo|8|4|0|4
tape|8|7|0|8
drop|8|6|0|7
cleaner|7|4|0|1
bell|7|5|0|4
vacuum|7|6|0|6
wooden|7|0|0|1
hardi|7|0|0|0
6ft.|7|6|0|5
20volt.|7|5|0|5
hardwar|7|3|2|6
bucket|7|0|0|7
brick|7|1|0|4
propan|7|0|0|5
power|7|3|0|7
stake|7|4|0|4
brush|7|7|0|7
knob|7|0|0|0
lamin|7|5|0|5
btu|7|7|0|4
14|7|7|0|7
dine|7|7|0|7
materi|7|0|0|1
12in.|7|6|0|6
34in.|7|5|0|5
toro|7|6|6|6
hing|7|5|0|6
strip|7|0|0|0
shark|6|6|4|4
pressur|6|6|0|6
mesh|6|1|0|3
34|6|5|0|4
r|6|6|6|6
m|6|4|4|6
system|6|5|0|5
l|6|6|2|6
lithium|6|6|0|6
hous|6|6|2|6
doubl|6|3|0|5
prehung|6|6|0|5
honda|6|4|3|4
closetmaid|6|5|5|5
trimmer|6|2|0|5
self|6|6|0|6
finish|6|3|0|4
cement|6|3|0|4
black|6|2|0|2
ridgid|6|5|5|5
angl|6|6|0|5
v|6|6|0|6
over|6|2|0|5
slatwal|6|4|0|3
pipe|6|0|0|6
rough|6|1|0|1
7|6|3|0|6
24|6|3|0|4
9|6|3|0|2
lg|6|5|5|4
canva|6|3|0|3
push|6|0|0|2
coat|6|5|0|5
sander|6|6|0|6
backsplash|6|0|0|1
nail|6|6|0|6
quikret|5|4|4|4
right|5|5|0|5
fluoresc|5|4|0|5
up|5|5|2|5
dual|5|5|0|4
tabl|5|2|0|3
the|5|1|0|5
rust-oleum|5|0|0|0
stair|5|2|0|2
werner|5|5|5|5
bead|5|3|0|3
allur|5|5|5|5
nozzl|5|5|0|4
henri|5|3|3|3
ice|5|3|0|4
natur|5|3|0|5
cordless|5|4|0|1
control|5|0|0|4
step|5|4|0|4
radiat|5|0|0|0
mount|5|2|0|5
nailer|5|4|0|4
driver|5|2|0|4
lock|5|5|0|5
lawnmow|5|0|0|0
50gal.|5|5|0|5
milwauke|5|5|5|3
model|5|0|0|0
solid|5|4|0|4
ge|5|5|5|5
can|5|5|0|5
36in.|5|4|0|2
hose|5|3|0|3
loung|5|5|0|5
unfinish|5|5|0|3
yard|5|0|0|0
garbag|5|2|0|2
chais|5|5|0|4
plywood|5|3|0|3
tap|4|0|0|4
12000|4|4|0|2
insinker|4|4|4|3
column|4|0|0|3
bone|4|4|0|4
mix|4|0|0|3
mould|4|3|0|4
microwav|4|3|0|3
malibu|4|4|4|4
spray|4|1|0|1
20|4|3|0|3
decor|4|0|0|2
15|4|2|0|2
cell|4|0|0|0
sand|4|1|0|1
sprayer|4|4|0|2
ventless|4|0|0|0
blind|4|3|0|4
wrench|4|3|0|3
back|4|3|3|3
bar|4|4|0|1
rake|4|2|0|2
head|4|1|0|3
wen|4|4|4|4
sprinkler|4|1|0|4
glaciar|4|0|0|0
garden|4|0|0|1
privaci|4|0|0|4
flouresc|4|0|0|0
standard|4|3|3|1
protector|4|2|0|2
bathtub|4|0|0|2
line|4|2|1|3
blow|4|4|0|4
80|4|4|0|4
half|4|0|0|0
weed|4|2|0|2
weather|4|1|0|1
rock|4|1|0|1
film|4|0|0|4
bullnos|4|2|0|1
22|4|2|0|2
space|4|0|0|0
heat|4|3|0|3
pack|4|4|0|3
clear|4|3|0|1
rigid|4|0|0|0
barrier|4|1|0|1
way|4|3|0|3
toil|4|4|0|4
0|4|2|0|4
ramp|4|4|0|4
foil|4|0|0|1
stand|4|2|0|3
40|4|3|0|4
6in.|4|4|0|3
dremel|4|4|4|4
h|4|4|1|4
rain|4|0|0|3
jeld|4|4|4|4
start|4|3|0|4
umbrella|4|4|0|2
room|4|1|0|3
rheum|4|0|0|0
5gal.|4|3|0|4
attach|4|3|0|3
open|4|1|0|3
valv|4|1|0|1
tractor|3|0|0|3
radiant|3|2|0|3
drain|3|3|0|1
filter|3|3|0|3
stock|3|0|0|0
19|3|3|0|0
3.7|3|0|0|0
undercount|3|0|0|0
killer|3|2|0|2
emerg|3|3|0|3
american|3|3|3|1
out|3|3|0|3
lantern|3|3|0|0
corner|3|3|0|3
effici|3|3|0|3
low|3|0|0|2
tote|3|3|0|2
clock|3|3|0|3
lp|3|2|0|3
cart|3|3|0|2
rom|3|0|0|2
respir|3|2|0|3
desk|3|3|0|3
owen|3|3|3|3
baseboard|3|0|0|0
stain|3|1|0|2
invert|3|3|0|3
fuse|3|3|0|3
rustollum|3|0|0|0
tongu|3|1|0|2
sump|3|3|0|3
paper|3|1|0|1
&|3|0|0|0
case|3|1|0|1
c|3|3|0|3
contact|3|1|0|1
area|3|3|0|3
gener|3|2|0|2
rustic|3|1|0|1
wainscot|3|3|0|3
porcelain|3|2|0|3
mirror|3|3|0|3
vent|3|2|0|3
maid|3|3|3|3
larg|3|0|0|0
applic|3|0|0|0
duct|3|0|0|0
arien|3|3|3|3
fir|3|1|0|1
indoor|3|1|0|1
solar|3|2|1|1
repir|3|0|0|0
base|3|3|0|3
pc|3|0|0|0
30in.|3|1|0|0
button|3|1|0|3
hand|3|1|0|2
pvc|3|0|0|1
blade|3|3|0|3
dog|3|3|0|3
drywal|3|0|0|2
sulat|3|0|0|0
grinder|3|0|0|1
lid|3|1|0|2
pt|3|0|0|0
filtrat|3|3|0|3
diamond|3|2|0|1
42|3|2|0|2
compressor|3|0|0|0
condtion|3|0|0|0
gazebo|3|2|0|2
max|3|3|0|3
36|3|3|0|2
groov|3|1|0|2
timber|3|0|0|0
wayer|3|0|0|0
condit|3|3|0|3
seal|3|1|0|1
rebar|3|2|0|3
silicon|3|3|0|3
18in.|3|2|0|1
mortar|3|0|0|0
fill|3|0|0|0
peel|3|2|0|2
backerboard|3|0|0|0
dolli|3|1|0|1
it|3|2|0|3
o|3|3|2|3
softner|3|0|0|0
expand|3|3|0|3
countertop|3|0|0|3
porch|3|3|0|3
baker|3|3|0|3
vac|3|3|0|3
pine|3|3|0|2
beadboard|3|0|0|0
pedist|3|0|0|0
that|3|0|0|0
chalk|3|2|0|2
grate|3|0|0|0
cypress|3|0|0|0
car|3|0|0|0
sealer|3|0|0|0
simpson|3|3|3|3
machin|3|0|0|0
desalt|3|0|0|0
galvan|3|2|0|2
element|3|3|0|3
core|3|1|0|3
spreader|3|3|0|3
hdx|3|3|3|3
boy|3|0|0|0
ion|3|3|0|3
roman|3|1|0|2
face|3|2|0|3
60|3|2|0|1
spring|3|2|0|2
french|2|0|0|0
steam|2|2|0|2
refridger|2|0|0|0
i|2|2|1|2
cost|2|0|0|2
k|2|2|2|2
retro|2|0|0|0
cherri|2|2|0|2
doggi|2|0|0|0
28|2|1|0|1
refinish|2|1|0|1
bronz|2|2|0|2
sheetrock|2|2|2|2
montagna|2|2|0|2
gallon|2|0|0|0
azek|2|2|0|2
heatercondition|2|0|0|0
leviton|2|2|2|2
ceadar|2|0|0|0
blanket|2|2|0|1
brown|2|2|0|1
whirlpool|2|1|0|1
aircondition|2|0|0|0
collect|2|0|0|0
nippl|2|0|0|0
file|2|1|0|1
corn|2|2|2|2
towel|2|0|0|0
organ|2|1|0|1
seat|2|2|0|0
sakret|2|0|0|0
flang|2|1|0|0
fridg|2|0|0|0
wonderboard|2|1|0|1
divid|2|1|0|1
fast|2|0|0|0
100|2|1|0|1
refriger|2|1|0|1
rid|2|1|0|2
mosaic|2|2|0|2
6014|2|0|0|0
closermaid|2|0|0|0
pan|2|0|0|0
glue|2|0|0|0
holder|2|1|0|1
gaurd|2|0|0|0
japanes|2|0|0|0
chalki|2|2|0|2
135|2|0|0|0
frp|2|1|0|0
tiolet|2|0|0|0
bookcas|2|1|0|1
sweeper|2|0|0|0
drawer|2|0|0|0
louvr|2|0|0|0
u|2|2|0|2
de|2|2|0|2
height|2|0|0|2
9ft.|2|0|0|0
land|2|1|0|1
woodburi|2|2|0|2
x|2|2|0|2
14in.|2|2|0|2
melter|2|0|0|0
balconi|2|0|0|0
ceilig|2|0|0|0
hb|2|0|0|0
corrug|2|0|0|2
doctor|2|2|2|2
stewart|2|1|1|1
lap|2|0|0|0
caddi|2|2|0|2
guard|2|0|0|0
martha|2|1|1|1
dcanva|2|0|0|0
cushion|2|2|0|2
squar|2|2|0|2
freezer|2|2|0|2
108in.|2|1|0|0
split|2|0|0|2
well|2|2|0|2
trailer|2|0|0|0
lvv|2|0|0|0
archer|2|2|0|2
belt|2|0|0|2
vaccum|2|0|0|0
inch|2|0|0|0
wrap|2|0|0|0
liquid|2|1|0|1
tie|2|2|2|2
plug|2|1|0|0
fireplac|2|0|0|0
bentgrass|2|0|0|0
tread|2|2|0|2
slab|2|2|0|2
cooktop|2|1|0|1
propel|2|2|0|2
kingsley|2|0|0|0
cele|2|0|0|0
memoir|2|2|0|2
ant|2|2|0|2
g|2|2|0|2
foam|2|0|0|1
furnitur|2|1|0|2
kerosen|2|0|0|1
111|2|0|0|0
extens|2|2|0|2
oscil|2|2|0|2
financ|2|0|0|0
6gal.|2|0|0|0
4190|2|0|0|0
on|2|1|0|2
surg|2|2|0|2
plier|2|1|0|2
18volt.|2|2|0|0
er|2|0|0|2
safeti|2|0|0|0
gorilla|2|0|0|0
bait|2|0|0|2
christma|2|0|0|1
melt|2|1|0|1
chipper|2|0|0|0
en|2|0|0|2
flat|2|2|0|1
backer|2|2|2|2
10000|2|2|0|2
rust|2|2|2|2
cutter|2|0|0|0
remov|2|0|0|0
60in.|2|2|0|0
plant|2|2|0|2
fara|2|2|2|2
snapper|2|0|0|0
motion|2|2|0|2
seper|2|0|0|0
spike|2|1|0|1
4in.|2|0|0|0
slip|2|1|0|1
bazz|2|2|2|0
58|2|0|0|0
conduit|2|1|1|1
flex|2|0|0|2
nickel|2|2|0|2
proof|2|0|0|0
stall|2|0|0|1
rubbermaid|2|2|2|2
profil|2|0|0|0
stucco|2|0|0|0
prune|2|2|0|2
doorbel|2|0|0|2
or|2|2|1|2
chicken|2|0|0|0
72517063|2|0|0|0
csst|2|2|0|2
clog|2|0|0|0
like|2|0|0|0
pricepfist|2|0|0|0
ride|2|1|0|2
drip|2|0|0|1
side|2|2|0|2
grass|2|1|0|2
look|2|0|0|2
200|2|0|0|1
pk|2|0|0|0
moon|2|0|0|0
30|2|0|0|0
wick|2|2|0|2
pool|2|1|1|1
flash|2|1|0|1
wardrob|2|0|0|0
batt|2|1|0|0
gray|2|1|0|0
al|2|1|0|2
convect|2|2|0|2
roundup|2|2|2|2
bolt|2|2|2|1
splash|2|2|2|2
plexi|2|0|0|0
3in.|2|0|0|1
whole|2|2|0|2
special|2|0|0|0
of|2|2|2|2
tow|2|2|0|2
shear|2|0|0|0
16|2|0|0|0
bathro|2|2|0|0
duti|2|1|0|1
hvr|2|0|0|0
resist|2|2|0|2
tolet|2|0|0|0
19in.|2|0|0|0
heavi|2|1|0|1
planter|2|0|0|1
cook|2|1|0|2
comput|2|1|0|1
kombo|2|0|0|0
main|2|0|0|1
5|2|1|0|2
bookshelv|2|0|0|0
strong|2|2|2|2
fiber|2|1|0|1
cemet|2|0|0|0
8ft.|2|2|0|1
multi|2|2|0|2
shredder|2|2|0|2
acryl|2|0|0|0
draw|2|0|0|0
waterproof|2|0|0|0
wilsonart|2|2|2|2
riosa|2|0|0|0
cupboard|2|0|0|0
mides|1|0|0|0
tent|1|0|0|0
basement|1|0|0|0
eat|1|0|0|0
extend|1|0|0|1
yonker|1|0|0|0
formica|1|0|0|0
installt|1|0|0|0
build|1|1|1|1
ventenatur|1|0|0|0
prun|1|0|0|0
broken|1|0|0|0
ass|1|0|0|0
splashback|1|1|1|1
clab|1|0|0|0
fanc|1|0|0|0
bottl|1|0|0|0
caulk|1|1|0|1
speaker|1|1|0|1
lace|1|0|0|0
pellet|1|0|0|0
milwake|1|0|0|0
cycl|1|1|0|1
foof|1|0|0|0
redwood|1|0|0|0
ligh|1|1|0|1
torpedo|1|0|0|0
restor|1|1|1|1
5amp.|1|1|0|1
loveseat|1|0|0|0
green|1|1|0|1
runner|1|1|0|1
behind|1|1|0|1
regist|1|0|0|0
aromaticeatern|1|0|0|0
underpen|1|0|0|0
driv|1|0|0|0
spgot|1|0|0|0
flapper|1|0|0|0
cooper|1|0|0|0
blowermulch|1|0|0|0
clamp|1|1|0|1
narrow|1|0|0|0
mel|1|0|0|0
roybi|1|0|0|0
22in.|1|0|0|0
brushl|1|1|0|1
colosso|1|0|0|0
resurfac|1|0|0|0
oak|1|0|0|0
telescop|1|0|0|0
closetmad|1|0|0|0
enamel|1|0|0|0
frigidair|1|1|1|1
dw|1|0|0|0
gypsum|1|1|0|1
birch|1|1|0|1
cw|1|0|0|0
garlend|1|0|0|0
instant|1|1|0|1
rap|1|0|0|0
polymer|1|0|0|0
cholera|1|0|0|0
pice|1|0|0|0
marseil|1|0|0|0
stratton|1|1|0|1
free|1|1|0|1
procelian|1|0|0|0
yardman|1|0|0|0
wiremesh|1|0|0|0
to|1|0|0|1
acut|1|0|0|0
tee|1|1|0|1
3ft.|1|0|0|0
maytag|1|1|1|1
assesori|1|0|0|0
spool|1|0|0|0
08|1|0|0|0
gun|1|0|0|0
13|1|0|0|0
schult|1|0|0|0
00|1|1|0|1
fit|1|0|0|0
palmero|1|0|0|0
pre|1|0|0|1
vbration|1|0|0|0
anchor|1|0|0|1
valvolin|1|0|0|0
connector|1|0|0|1
brad|1|1|0|1
subway|1|0|0|0
compound|1|0|0|0
magnet|1|1|0|1
berh|1|0|0|0
212|1|0|0|0
frontload|1|0|0|0
keg|1|0|0|1
crack|1|1|0|1
mow|1|1|0|1
meater|1|0|0|0
swamp|1|0|0|0
bitumen|1|1|0|1
alumium|1|0|0|0
stopper|1|0|0|0
swivel|1|0|0|0
4.3cu.ft.|1|0|0|0
mke|1|0|0|0
windo|1|0|0|0
thin|1|0|0|0
tall|1|0|0|0
745|1|0|0|0
dowel|1|1|0|1
7.2volt.|1|0|0|0
irrig|1|0|0|1
pot|1|1|0|1
ridg|1|0|0|0
blcktop|1|0|0|0
stanley|1|1|1|1
design|1|1|0|1
bidet|1|0|0|0
barrel|1|1|0|1
heter|1|0|0|0
gilmor|1|0|0|0
pli|1|1|0|1
huskvarna|1|0|0|0
dewalr|1|0|0|0
dishwash|1|0|0|0
vlve|1|0|0|0
congolium|1|0|0|0
kraft|1|1|0|1
58in.|1|1|0|1
club|1|0|0|0
2300|1|0|0|0
otr|1|0|0|1
manuel|1|0|0|0
29volt.|1|0|0|0
frost|1|1|1|0
d|1|0|0|1
swanton|1|0|0|0
knobsd|1|0|0|0
erheat|1|0|0|0
hammerss|1|0|0|0
605|1|0|0|0
bare|1|0|0|0
zenith|1|0|0|0
wand|1|0|0|0
wayi|1|0|0|0
33|1|0|0|0
grayson|1|1|0|1
hc|1|0|0|0
120|1|0|0|0
10.75|1|0|0|0
gaug|1|0|0|0
non|1|0|0|0
rebuild|1|0|0|0
tar|1|0|0|0
grill|1|1|0|1
mirical|1|0|0|0
liberti|1|1|1|1
stud|1|1|0|1
etcher|1|0|0|0
aluminun|1|0|0|0
047|1|0|0|0
charg|1|0|0|0
rubber|1|1|0|1
thermoclear|1|1|0|1
rais|1|1|0|1
applianc|1|0|0|1
bulp|1|0|0|0
9115|1|0|0|0
ashland|1|0|0|0
bin|1|0|0|0
layndri|1|0|0|0
chime|1|0|0|1
all|1|1|0|1
floris|1|0|0|0
bfush|1|0|0|0
drp|1|0|0|0
craft|1|0|0|0
chestnut|1|0|0|0
level|1|0|0|0
blowervacuum|1|0|0|0
grain|1|0|0|0
relianc|1|0|0|0
perfor|1|0|0|0
moistur|1|0|0|0
1000|1|0|0|0
pastic|1|0|0|0
insert|1|0|0|0
icer|1|1|0|1
edit|1|0|0|0
palm|1|0|0|0
handicap|1|0|0|0
sunjoy|1|1|1|0
lite|1|1|0|1
scape|1|0|0|0
floresc|1|0|0|0
lath|1|1|0|0
cedart|1|0|0|0
fire|1|0|0|1
oper|1|0|0|0
bramburi|1|0|0|0
tu|1|0|0|1
pond|1|0|0|0
jb|1|0|0|0
chim|1|0|0|1
boundl|1|0|0|0
travertin|1|1|0|1
book|1|1|0|1
fixtu|1|0|0|1
washout|1|0|0|1
quart|1|0|0|0
11in.|1|1|0|0
leum|1|1|1|1
shevl|1|0|0|0
holland|1|0|0|0
tumbl|1|1|0|0
medicin|1|1|0|1
isol|1|0|0|0
estim|1|0|0|0
world|1|1|1|1
3300|1|0|0|0
shrink|1|1|0|1
eye|1|0|0|1
thower|1|0|0|0
olar|1|0|0|0
ring|1|0|0|0
spicket|1|0|0|0
backwash|1|0|0|0
reflectix|1|1|1|1
curb|1|0|0|0
plaqstic|1|0|0|0
mowr|1|0|0|0
heith|1|0|0|0
basket|1|0|0|0
slate|1|1|0|1
cooler|1|1|0|1
handycap|1|0|0|0
powertool|1|0|0|0
food|1|0|0|1
photoelectricion|1|0|0|0
51609|1|0|0|0
dooor|1|0|0|0
vynil|1|0|0|0
flexibl|1|0|0|0
hog|1|0|0|0
93in.|1|1|0|1
ra|1|0|0|1
straightenr|1|0|0|0
colleg|1|0|0|0
75|1|0|0|0
rustolem|1|0|0|0
haven|1|1|0|1
vynel|1|0|0|0
lcok|1|0|0|0
dip|1|0|0|0
rocker|1|0|0|0
chainsaw|1|1|0|1
daylight|1|1|0|1
wedg|1|0|0|0
job|1|1|0|1
insulatiom|1|0|0|0
cabnet|1|0|0|0
tarp|1|1|0|1
808501|1|0|0|0
armstrong|1|1|1|0
product|1|0|0|0
brac|1|0|0|0
27in.|1|0|0|0
discount|1|0|0|0
brass|1|1|0|1
toto|1|0|0|0
child|1|0|0|1
knoti|1|0|0|0
garg|1|0|0|0
weld|1|0|0|0
sterno|1|0|0|0
pannel|1|0|0|0
comi|1|0|0|0
peal|1|0|0|0
50000|1|0|0|0
clacier|1|0|0|0
lopper|1|1|0|1
entrydoor|1|0|0|0
sherlock|1|1|0|0
15in.|1|0|0|0
fencd|1|0|0|0
deckpaint|1|0|0|0
cool|1|1|0|1
masonri|1|0|0|0
cermic|1|0|0|0
hhigh|1|0|0|0
throwaway|1|0|0|0
knotti|1|1|0|1
socket|1|0|0|0
wa|1|1|0|1
garland|1|1|0|1
sharkbit|1|1|1|1
quickcret|1|0|0|0
home|1|0|0|1
return|1|0|0|0
ar|1|0|0|1
sky|1|1|0|1
sku|1|0|0|0
funnel|1|0|0|0
abl|1|0|0|0
barn|1|0|0|0
intertap|1|1|1|0
popcorn|1|1|0|1
ss|1|0|0|0
lattic|1|0|0|0
exposur|1|0|0|0
nitrogen|1|0|0|0
have|1|0|0|0
waddl|1|0|0|0
40watt.|1|1|0|1
without|1|0|0|1
rope|1|1|0|1
robutussin|1|0|0|0
patch|1|1|0|1
catcher|1|0|0|0
storm|1|0|0|0
platinum|1|1|0|1
p|1|1|0|1
guid|1|1|0|1
rdge|1|0|0|0
hedg|1|0|0|0
6393|1|0|0|0
bagger|1|1|0|1
adhes|1|0|0|1
boltless|1|0|0|0
bunge|1|1|0|1
marshaltown|1|0|0|0
90deg.|1|0|0|0
vinotemp|1|0|0|0
frostk|1|0|0|0
21in.|1|0|0|0
srud|1|0|0|0
dpdt|1|0|0|0
elect|1|0|0|0
grow|1|0|0|0
lader|1|0|0|0
platform|1|0|0|0
ltb|1|0|0|0
paslod|1|1|1|1
upright|1|0|0|0
gridle|1|0|0|0
telescoop|1|0|0|0
835|1|0|0|0
everblit|1|0|0|0
an|1|0|0|1
5001|1|0|0|0
bifold|1|0|0|0
sconc|1|1|0|1
briton|1|1|0|1
barreir|1|0|0|0
around|1|0|0|0
qtr|1|0|0|0
1in.|1|0|0|0
chrome|1|1|0|0
sikalatexr|1|0|0|0
everbilt|1|1|1|1
cord|1|0|0|0
gcfi|1|0|0|0
nobl|1|1|0|1
slimlin|1|0|0|0
alder|1|1|0|1
melnor|1|1|1|1
extirior|1|0|0|0
until|1|0|0|0
150amp.|1|0|0|0
beigeblack|1|0|0|0
maiid|1|0|0|0
ingnit|1|0|0|0
dh|1|0|0|1
blank|1|0|0|0
mulcher|1|1|0|0
tough|1|1|0|0
eppoxi|1|0|0|0
purifi|1|0|0|0
offset|1|1|0|0
pex|1|0|0|1
shoe|1|0|0|1
prime|1|1|1|0
let|1|1|0|1
alumanam|1|0|0|0
ballet|1|0|0|0
awn|1|1|1|1
romanc|1|0|0|0
dark|1|1|0|1
b&d|1|0|0|0
ground|1|0|0|1
pedel|1|0|0|0
ductless|1|1|0|1
hdk|1|0|0|0
greecianmarbl|1|0|0|0
100in.|1|0|0|0
showcas|1|1|0|1
sonic|1|1|1|0
spout|1|1|0|1
chase|1|0|0|0
router|1|0|0|0
widecellular|1|0|0|0
type|1|0|0|0
petit|1|0|0|0
eater|1|0|0|0
emergensi|1|0|0|0
78in.|1|1|0|1
fc|1|0|0|0
outdo|1|0|0|1
outdoorfurnitur|1|0|0|0
3528|1|0|0|0
trigger|1|1|0|1
partic|1|0|0|1
2in.|1|0|0|0
puls|1|1|1|0
9056|1|0|0|0
certifi|1|0|0|0
scraper|1|0|0|0
turn|1|1|0|1
upholsteri|1|0|0|0
fuego|1|0|0|0
ajust|1|0|0|0
dropcloth|1|0|0|0
maximum|1|1|0|0
trap|1|0|0|0
hardboard|1|0|0|0
mule|1|1|1|1
hrx|1|0|0|0
java|1|1|0|1
safe|1|0|0|1
pain|1|0|0|1
broom|1|0|0|0
wheelbarrow|1|0|0|0
reflect|1|0|0|1
nut|1|0|0|1
tubshow|1|0|0|0
sealant|1|0|0|0
fold|1|0|0|1
oleum|1|1|1|1
work|1|0|0|1
incid|1|0|0|0
epoxyshield|1|1|1|1
paito|1|0|0|0
proipan|1|0|0|0
crown|1|0|0|0
loos|1|0|0|0
viniz|1|0|0|0
hardwood|1|1|0|0
lover|1|0|0|0
beig|1|0|0|0
quarter|1|1|0|1
vacum|1|0|0|0
submeribal|1|0|0|0
moa|1|0|0|0
hcc|1|0|0|0
end|1|0|0|1
gear|1|0|0|0
glidden|1|0|0|0
powder|1|0|0|0
decorit|1|0|0|0
trcat|1|0|0|0
border|1|1|0|1
46|1|1|0|1
mi|1|0|0|0
presusr|1|0|0|0
behr|1|0|0|0
shield|1|1|1|1
join|1|0|0|1
loader|1|0|0|0
big|1|0|0|0
polish|1|1|0|1
bahiagrass|1|0|0|0
honeywel|1|0|0|0
not|1|0|0|0
sens|1|1|0|1
pouch|1|0|0|0
646|1|0|0|0
hensley|1|0|0|0
rood|1|0|0|0
rosario|1|0|0|0
e|1|1|1|1
improv|1|0|0|0
agit|1|0|0|0
recip|1|0|0|0
stringer|1|1|0|1
35ft.|1|0|0|0
ball|1|1|0|1
carr|1|0|0|0
cradl|1|0|0|0
feet|1|0|0|0
omnifilt|1|0|0|0
stop|1|1|0|1
flashn|1|0|0|0
sinnk|1|0|0|0
mighti|1|1|1|1
kennel|1|0|0|0
suppll|1|0|0|0
bit|1|0|0|1
marazzi|1|1|1|0
bussmann|1|1|1|1
straw|1|1|0|1
tier|1|0|0|1
plu|1|1|0|1
kobalt|1|0|0|0
faux|1|0|0|0
modifi|1|1|0|1
1993|1|0|0|0
ciel|1|0|0|0
stell|1|0|0|0
deliveri|1|0|0|0
heatr|1|0|0|0
sping|1|0|0|0
rotari|1|0|0|0
homer|1|1|0|1
pave|1|1|1|0
satin|1|1|0|1
ny|1|0|0|0
onli|1|1|0|1
medicn|1|0|0|0
belgium|1|0|0|0
norton|1|0|0|0
stcking|1|0|0|0
35|1|0|0|0
8in.|1|0|0|0
andersen|1|0|0|0
mill|1|1|0|0
aspiradora|1|0|0|0
flexlock|1|0|0|0
femal|1|0|0|0
shoot|1|0|0|0
ceder|1|0|0|0
box|1|0|0|1
blue|1|1|0|0
adora|1|1|0|1
porcelin|1|0|0|0
miner|1|0|0|0
decora|1|1|0|1
hieght|1|0|0|0
16in.|1|0|0|0
miracl|1|1|1|1
electrolux|1|0|0|0
lunada|1|0|0|0
between|1|1|0|1
semirigid|1|0|0|0
wash|1|1|0|1
river|1|0|0|0
rivet|1|0|0|0
lumder|1|0|0|0
kitch|1|0|0|0
carpet|1|0|0|1
glaci|1|1|1|1
ridi|1|0|0|0
bootz|1|1|1|1
color|1|1|0|1
sprkinler|1|0|0|0
foss|1|1|1|0
fece|1|0|0|0
outdoorloung|1|0|0|0
elong|1|0|0|0
accessori|1|0|0|1
gla|1|0|0|0
prog|1|0|0|0
soften|1|0|0|0
canopi|1|1|0|1
s|1|1|0|1
chemic|1|0|0|0
ation'|1|0|0|0
clip|1|1|0|1
'|1|0|0|0
brigg|1|1|0|1
5in.|1|0|0|0
slimstyl|1|0|0|0
move|1|0|0|0
hindg|1|0|0|0
quantiti|1|0|0|0
rosin|1|0|0|0
668|1|0|0|0
dust|1|0|0|0
urin|1|0|0|0
backyard|1|0|0|0
small|1|0|0|0
contina|1|0|0|0
sunk|1|0|0|0
rainbird|1|0|0|0
point|1|1|0|1
17|1|0|0|0
primer|1|0|0|0
fluroresc|1|0|0|0
vond|1|0|0|0
cut|1|0|0|0
teir|1|0|0|0
saddl|1|0|0|0
biscuit|1|1|0|1
btuair|1|0|0|0
fauset|1|0|0|0
25in.|1|1|0|0
peopl|1|0|0|0
os|1|0|0|1
baldor|1|0|0|0
joint|1|1|0|1
violet|1|0|0|0
egress|1|0|0|0
buikid|1|0|0|0
momentari|1|0|0|0
scons|1|0|0|0
cabl|1|1|0|1
wtf|1|0|0|0
rv|1|0|0|0
gama|1|1|1|0
brace|1|1|0|1
w|1|1|0|1
induct|1|0|0|0
elastomer|1|0|0|1
pop|1|0|0|0
_8|1|0|0|0
5000|1|1|0|1
pail|1|0|0|0
dispenc|1|0|0|0
lit|1|0|0|1
comfort|1|0|0|0
washertop|1|0|0|0
toggl|1|1|0|0
jig|1|0|0|1
westminst|1|0|0|0
univers|1|1|0|1
faucetskitchen|1|0|0|0
import|1|1|1|1
antenna|1|0|0|1
stamp|1|0|0|0
thermal|1|0|0|1
lavatori|1|0|0|0
charger|1|0|0|1
ourdoor|1|0|0|0
vr|1|0|0|0
mahogani|1|1|0|1
carport|1|0|0|0
heather|1|0|0|0
soak|1|1|0|1
baguett|1|0|0|0
32watt.|1|1|0|1
montagnia|1|0|0|0
granit|1|0|0|0
dealt|1|0|0|0
pl|1|0|0|0
55.521.224|1|0|0|0
play|1|0|0|1
filler|1|0|0|0
riobi|1|0|0|0
23|1|0|0|1
slidng|1|0|0|0
acheat|1|0|0|0
4616809045|1|0|0|0
oven|1|0|0|1
mose|1|0|0|0
ultra|1|0|0|0
instal|1|0|0|1
kholer|1|0|0|0
biech|1|0|0|0
commerci|1|0|0|1
spin|1|0|0|0
string|1|0|0|0
cinder|1|0|0|0
chip|1|1|0|1
seed|1|0|0|1
canist|1|0|0|0
artesian|1|0|0|0
wave|1|1|0|1
pneumat|1|0|0|0
outlet|1|0|0|0
stackabl|1|0|0|0
recharg|1|0|0|0
fat|1|0|0|0
fin|1|0|0|0
drilldriv|1|0|0|0
30gal.|1|0|0|0
toll|1|0|0|0
rod|1|0|0|0
dril|1|1|0|1
screem|1|0|0|0
mtd|1|0|0|0
outsid|1|0|0|1
aurora|1|0|0|0
110volt.|1|0|0|0
lenox|1|0|0|0
glazer|1|0|0|0
christmass|1|0|0|0
iron|1|1|0|1
radio|1|0|0|0
3gal.|1|0|0|0
fuel|1|1|0|1
glow|1|1|0|1
pride|1|0|0|0
winow|1|0|0|0
artifici|1|1|0|1
grafton|1|1|0|1
basemetnt|1|0|0|0
scollop|1|0|0|0
zinc|1|1|0|1
beadex|1|0|0|0
105in.|1|0|0|0
bat|1|0|0|0
keger|1|0|0|0
tiil|1|0|0|0
almond|1|0|0|0
ligth|1|0|0|0
tire|1|0|0|0
fp|1|0|0|0
beer|1|1|0|1
spliter|1|0|0|0
mcmaster|1|0|0|0
wooster|1|1|1|1
liner|1|1|0|1
draweer|1|0|0|0
contain|1|0|0|0
